{"ilvA":{"proA":0.25,"lysA":0.3413284132841328,"trpC":0.7999999999999999,"metA":0.19525959367945825,"thrC":0.2692307692307693,"pheA":0.7703927492447129,"serA":0.28571428571428575,"leuB":0.09090909090909091,"tyrA":0.44642857142857145},"glyA":{"ilvA":0.25,"hisB":0.0,"tyrA":0.0,"lysA":0.836,"thrC":0.07692307692307693,"leuB":0.0,"trpC":0.8333333333333333,"pheA":0.9606741573033708,"serA":0.07142857142857142,"metA":0.848529411764706,"proA":0.04},"hisB":{"tyrA":0.7727272727272726,"lysA":1.0,"trpC":0.9722222222222222,"ilvA":0.5384615384615385,"proA":0.3,"thrC":0.3,"pheA":0.985,"serA":0.16666666666666669,"leuB":0.13636363636363638,"metA":0.8716216216216216},"lysA":{"tyrA":0.01488095238095238,"proA":0.008474576271186442,"trpC":0.2973856209150327,"thrC":0.013215859030837005,"pheA":0.952914798206278,"serA":0.027999999999999997,"metA":0.05708661417322835},"thrC":{"trpC":1.0,"tyrA":0.6},"leuB":{"proA":0.75,"lysA":0.9741379310344827,"trpC":1.0,"tyrA":0.1875,"thrC":0.4,"pheA":0.11077844311377247,"serA":0.5,"metA":0.6966666666666667},"trpC":{"tyrA":0.045454545454545456},"cysE":{"ilvA":0.46875,"glyA":0.4523809523809524,"hisB":0.6,"tyrA":0.40909090909090906,"lysA":0.9355828220858895,"thrC":0.5,"leuB":0.3666666666666667,"trpC":0.8023255813953489,"pheA":0.9769647696476964,"metA":0.4,"proA":0.6333333333333333},"pheA":{"proA":0.021008403361344536,"trpC":0.9941860465116278,"thrC":0.7291666666666667,"serA":0.5526315789473685,"tyrA":0.027972027972027972},"serA":{"trpC":1.0,"thrC":0.5,"tyrA":0.6428571428571429},"metA":{"proA":0.7270916334661354,"trpC":0.7254098360655737,"thrC":0.8261758691206544,"pheA":0.42951541850220265,"serA":0.09375,"tyrA":0.06343283582089553},"proA":{"trpC":0.9351851851851852,"thrC":0.15,"serA":0.18181818181818182,"tyrA":0.5625},"argA":{"ilvA":0.4406779661016949,"glyA":0.7499999999999999,"hisB":0.7499999999999999,"tyrA":0.28082191780821913,"lysA":0.7602459016393444,"thrC":0.5,"leuB":0.011111111111111112,"trpC":0.6422018348623852,"cysE":0.5625,"pheA":0.07044198895027624,"serA":0.13636363636363638,"metA":0.4647887323943662,"proA":0.8095238095238094}}